N_NAME,REVENUE
PERU,2.655410403193089E10
ARGENTINA,2.6552168571638405E10
BRAZIL,2.654798738929679E10
CANADA,2.6537887980431297E10
UNITED STATES,2.6430331977047E10
